{
  "test": {
    "ap": 0.30304378246854835,
    "auroc": 0.5235134084726001
  },
  "test_size": 300,
  "train": {
    "ap": 0.32661575761339506,
    "auroc": 0.5293569844789358
  },
  "train_size": 700
}