{
  "loss": 0.5449069738388062,
  "auroc": 0.7619047619047619,
  "auprc": 0.6984126984126984
}