{
  "dataset": "tiny-synthetic",
  "n": 5,
  "git_sha": "69b7921",
  "metrics": {
    "auroc": {
      "mean": 0.9547983157769975,
      "ci95": [
        0.9485754922440999,
        0.9610211393098952
      ]
    },
    "auprc": {
      "mean": 0.9473793091181338,
      "ci95": [
        0.9264924490512273,
        0.9621046531314841
      ]
    },
    "accuracy": {
      "mean": 0.9173333333333333,
      "ci95": [
        0.9026666666666667,
        0.9286666666666668
      ]
    },
    "ece": {
      "mean": 0.04487413283286781,
      "ci95": [
        0.04056357901061187,
        0.0487255906080045
      ]
    }
  }
}