{
  "loss": 1.2290701866149902,
  "auroc": 0.4285714285714286,
  "auprc": 0.5277777777777778
}